candidate_id,target_or_panel,source_type,primary_source,source_identifier,source_url,pdb_id_or_panel_size,target_class,task_id,peptide_design_feature,method_paper_anchor,benchmark_track,priority,readiness_decision,evidence_summary,required_controls_or_checks,download_policy,next_action
diff_mdm2_p53_3eqs_v014,MDM2/p53-like 12-mer peptide inhibitor,pdb_case,Target-Specific De Novo Peptide Binder Design with DiffPepBuilder,arXiv:2405.00128v2; PDB:3EQS,https://arxiv.org/html/2405.00128v2; https://data.rcsb.org/rest/v1/core/entry/3EQS,3EQS,groove_or_pocket_peptide_binding_target,T2_structure_peptide_binder,helical short peptide with conserved p53-like motif,DiffPepBuilder regeneration example,generation_benchmark; ranking_rescoring,high,candidate_not_frozen,DiffPepBuilder reports a 3EQS MDM2 helical peptide example and motif recovery; RCSB confirms MDM2 with 12-mer inhibitor,positive peptide sequence assay evidence leakage against Overath Mdm2 and negative controls,metadata_only_no_download,extract chains motif residues and overlap with Mdm2 calibration datasets before target-set promotion
diff_mhcii_hiv_1sjh_v014,MHCII/HIV capsid extended peptide,pdb_case,Target-Specific De Novo Peptide Binder Design with DiffPepBuilder,arXiv:2405.00128v2; PDB:1SJH,https://arxiv.org/html/2405.00128v2; https://data.rcsb.org/rest/v1/core/entry/1SJH,1SJH,pmhc_tcr_like_recognition_target,T2_structure_peptide_binder,extended peptide in MHC groove,DiffPepBuilder regeneration example,generation_benchmark; pMHC_specificity_reference,medium,candidate_not_frozen,DiffPepBuilder reports PDB 1SJH MHCII regeneration; RCSB confirms HLA-DR1 with HIV capsid peptide,MHC allele peptide identity near-neighbor negative panel and leakage control,metadata_only_no_download,extract chains and decide whether MHCII belongs in first pMHC subpanel or related-work only
diff_ogt_hcf1_6ma3_v014,human OGT/HCF-1 loop peptide,pdb_case,Target-Specific De Novo Peptide Binder Design with DiffPepBuilder,arXiv:2405.00128v2; PDB:6MA3,https://arxiv.org/html/2405.00128v2; https://data.rcsb.org/rest/v1/core/entry/6MA3,6MA3,groove_or_pocket_peptide_binding_target,T2_structure_peptide_binder,loop peptide conformation,DiffPepBuilder regeneration example,generation_benchmark,medium,candidate_not_frozen,DiffPepBuilder reports PDB 6MA3 loop peptide example; RCSB confirms OGT bound to HCF-1 peptide and inhibitor,inhibitor context peptide-chain mapping and decoy feasibility,metadata_only_no_download,use as optional loop-geometry stress case after chain and ligand context review
diff_3clpro_7z4s_v014,SARS-CoV-2 3CLpro cyclic peptide context,pdb_case,Target-Specific De Novo Peptide Binder Design with DiffPepBuilder,arXiv:2405.00128v2; PDB:7Z4S,https://arxiv.org/html/2405.00128v2; https://data.rcsb.org/rest/v1/core/entry/7Z4S,7Z4S,groove_or_pocket_peptide_binding_target,T2_structure_peptide_binder,cyclic peptide and non-canonical residue context,DiffPepBuilder de novo case,generation_benchmark; topology_parser_stress,high,candidate_not_frozen,DiffPepBuilder reports 3CLpro de novo case; RCSB confirms SARS-CoV-2 Mpro with cyclic peptide GM4 including unnatural amino acids,ncAA representation cyclization policy biosafety wording and negative controls,metadata_only_no_download,review whether canonical-only methods should receive not_applicable_reason rather than failed scores
diff_alk1_bmp10_6sf1_v014,ALK1/BMP10 broad interface,pdb_case,Target-Specific De Novo Peptide Binder Design with DiffPepBuilder,arXiv:2405.00128v2; PDB:6SF1,https://arxiv.org/html/2405.00128v2; https://data.rcsb.org/rest/v1/core/entry/6SF1,6SF1,protein_surface_ppi_target,T2_structure_peptide_binder,broad protein surface interface,DiffPepBuilder de novo case,generation_benchmark; interface_stress,medium,candidate_not_frozen,DiffPepBuilder reports ALK1 case; RCSB confirms BMP10 complexed with ALK1 extracellular domain,peptideable site definition positive control choice and whether BMP10 is too protein-like,metadata_only_no_download,keep as broad-interface stress candidate until peptide control is specified
diff_tnf_tnfr1_7kp7_v014,TNF/TNFR1 multichain interface,pdb_case,Target-Specific De Novo Peptide Binder Design with DiffPepBuilder,arXiv:2405.00128v2; PDB:7KP7,https://arxiv.org/html/2405.00128v2; https://data.rcsb.org/rest/v1/core/entry/7KP7,7KP7,protein_surface_ppi_target,T2_structure_peptide_binder,multichain target and interface patch,DiffPepBuilder de novo case,generation_benchmark; multichain_adapter_stress,medium,candidate_not_frozen,DiffPepBuilder reports TNF case; RCSB confirms asymmetric mTNF-alpha hTNFR1 complex,target-chain definition stoichiometry controls and off-target cytokine panel,metadata_only_no_download,define virtual target chains and parser handling before target-set promotion
pepmlm_ncam1_v014,NCAM1 sequence-only binder target,method_case,Target sequence-conditioned design of peptide binders using masked language modeling,PMID:40804173; DOI:10.1038/s41587-025-02761-2,https://www.nature.com/articles/s41587-025-02761-2,sequence_only,protein_surface_ppi_target,T1_sequence_binder,linear peptide from target sequence only,PepMLM wet binding case,generation_benchmark; sequence_only_anchor,high,candidate_not_frozen,Nature Biotechnology abstract reports PepMLM-derived peptides with sequence-specific binding to NCAM1,exact target isoform sequence peptide sequence assay and negative controls,metadata_only_no_download,extract UniProt isoform assay format and permissible sequence reuse before target-set use
pepmlm_amhr2_v014,AMHR2 sequence-only binder target,method_case,Target sequence-conditioned design of peptide binders using masked language modeling,PMID:40804173; DOI:10.1038/s41587-025-02761-2,https://www.nature.com/articles/s41587-025-02761-2,sequence_only,protein_surface_ppi_target,T1_sequence_binder,linear peptide from target sequence only,PepMLM wet binding case,generation_benchmark; sequence_only_anchor,high,candidate_not_frozen,Nature Biotechnology abstract reports PepMLM-derived peptides with sequence-specific binding to AMHR2,exact target isoform sequence peptide sequence assay and negative controls,metadata_only_no_download,extract UniProt isoform assay format and permissible sequence reuse before target-set use
pepmlm_degradation_targets_v014,mutant HTT and MSH3 sequence-only degradation context,method_case,Target sequence-conditioned design of peptide binders using masked language modeling,PMID:40804173; DOI:10.1038/s41587-025-02761-2,https://www.nature.com/articles/s41587-025-02761-2,sequence_only,protein_surface_ppi_target,T1_sequence_binder,linear peptide binder in degradation assay context,PepMLM targeted degradation cases,related_work; optional_sequence_only_stress,medium,related_work_not_frozen,Source reports degradation applications for disease targets; benchmark transferability from degradation context to binding-only task remains unclear,degradation-vs-binding endpoint separation target isoform and safety boundary,metadata_only_no_download,use for manuscript context unless exact binding/control data are extractable
pepmlm_viral_phosphoproteins_v014,Nipah Hendra and HMPV phosphoproteins,method_case,Target sequence-conditioned design of peptide binders using masked language modeling,PMID:40804173; DOI:10.1038/s41587-025-02761-2,https://www.nature.com/articles/s41587-025-02761-2,sequence_only,protein_surface_ppi_target,T1_sequence_binder,viral protein sequence-only target,PepMLM live viral infection context,related_work; optional_sequence_only_stress,low,related_work_not_frozen,Source reports viral phosphoprotein application context; biosafety and exact assay transferability need review,biosafety wording target sequence choice negative controls and institutional approval boundary,metadata_only_no_download,keep as related-work case until safety and assay details are reviewed
rfdiffusion_pmhci_11_targets_v014,11 peptide-MHC-I targets from RFdiffusion/ProteinMPNN specificity study,literature_panel,Design of high-specificity binders for peptide-MHC-I complexes,PMID:40705892; DOI:10.1126/science.adv0185,https://pubmed.ncbi.nlm.nih.gov/40705892/,11 target pMHCs,pmhc_tcr_like_recognition_target,T3_miniprotein_binder_baseline,peptide-specific recognition on MHC carrier,RFdiffusion plus ProteinMPNN pMHC study,pMHC_specificity_reference; negative_panel_design,high,panel_candidate_not_frozen,PubMed record reports RFdiffusion pMHCI binders for 11 target pMHCs and peptide-specific activation for a subset,near-neighbor peptide panel MHC carrier cross-reactivity and miniprotein-vs-peptide distinction,metadata_only_no_download,use to design pMHC specificity controls but not as short-peptide generation evidence
pepglad_pepbench_lnr_v014,PepGLAD PepBench/LNR target-specific peptide complex panel,dataset_panel,Full-Atom Peptide Design with Geometric Latent Diffusion,arXiv:2402.13555; Zenodo:10.5281/zenodo.13373108,https://arxiv.org/html/2402.13555v4; https://zenodo.org/records/13373108,LNR_93_plus_PepBench_splits,groove_or_pocket_peptide_binding_target,T2_structure_peptide_binder,4-25 residue target-specific peptide complexes,PepGLAD benchmark construction,generation_benchmark; leakage_audit_source,high,panel_candidate_not_frozen,Paper reports PDB/literature benchmark and LNR 93 test complexes; Zenodo reports PepBench files but data were not downloaded,license schema train-test leakage and overlap with included methods,metadata_only_no_download,review README and split schema after approved external download or metadata preview
dflow_pepmerge_v014,PepMerge D-peptide receptor-conditioned panel,dataset_panel,D-Flow: Multi-modality Flow Matching for D-peptide Design,arXiv:2411.10618,https://arxiv.org/html/2411.10618v1,PepMerge panel,d_peptide_or_chirality_aware_target,T2_structure_peptide_binder,entire D-residue peptide design with mirrored receptor conditioning,D-Flow benchmark,chirality_aware_generation_reference; leakage_audit_source,high,panel_candidate_not_frozen,D-Flow paper reports PepMerge benchmark for D-peptide design; exact files and splits remain unverified,D-peptide parser chirality encoding train-test overlap and license,metadata_only_no_download,map PepMerge route from external source checkout before any benchmark use
pepbi_329_panel_v014,PEPBI 329 peptide-protein thermodynamic complexes,dataset_panel,Predicted and Experimental Peptide Binding Information PEPBI,Dryad DOI:10.5061/dryad.wstqjq2wk,https://datadryad.org/dataset/doi%3A10.5061/dryad.wstqjq2wk,329 complexes,groove_or_pocket_peptide_binding_target,T2_structure_peptide_binder,thermodynamic labels with predicted structures,PEPBI dataset source,ranking_rescoring; affinity_calibration,high,panel_candidate_not_frozen,Dryad reports 329 predicted complexes with experimental DG DH DS and Rosetta Interface Analyzer properties,license file schema binding-group leakage positive/negative controls and ITC provenance,metadata_only_no_download,confirm file list and extract schema outside KB before using for calibration
gpcr_124_panel_v014,124 known GPCR-peptide complexes from GPCR benchmark,literature_panel,Assessment of Generative De Novo Peptide Design Methods for G Protein-Coupled Receptors,DOI:10.64898/2026.02.26.708415,https://www.biorxiv.org/content/10.64898/2026.02.26.708415v1,124 known complexes,groove_or_pocket_peptide_binding_target,T2_structure_peptide_binder,flexible GPCR peptide binding and misplaced-peptide scoring stress,GPCR benchmark preprint,generation_benchmark; validation_scoring_stress,high,panel_candidate_not_frozen,Crossref/bioRxiv metadata reports two-part benchmark with 124 GPCR-peptide complexes and scoring overconfidence concerns,supplement route ligand state controls GPCR state and leakage,metadata_only_no_download,extract supplement/data route and decide whether to use as target-class panel or scoring-stress reference
chang_af2_six_receptors_v014,Chang AlphaFold competitive ranking six receptors,literature_case_panel,Ranking Peptide Binders by Affinity with AlphaFold,PMID:36542066; DOI:10.1002/anie.202213362,https://pubmed.ncbi.nlm.nih.gov/36542066/,six receptors with peptide affinities,groove_or_pocket_peptide_binding_target,T2_structure_peptide_binder,paired peptide ranking rather than de novo generation,Chang 2023 AlphaFold ranking cases,ranking_rescoring; calibration,medium,panel_candidate_not_frozen,PubMed abstract reports competitive AlphaFold assay with receptor and two peptides; exact receptor list and affinities require supplement extraction,full article access peptide pairs affinity units and not-applicable rules for generation,metadata_only_no_download,use as small ranking/rescoring calibration panel after full-text or supplement verification
