design_id,method,task_id,target_id,binder_id,input_mode,target_sequence,target_pdb,target_chains,binder_chain,pocket_definition,peptide_type,chirality,cyclic,status,notes,parent_job_id,source_output_id,generation_rank,random_seed,adapter_status,status_reason
v030_dflow_3eqs_seed42_failed,D-Flow / PeptideDesign,T2_structure_peptide_binder,mdm2_p53_3eqs_fixture,not_generated,pdb_dataset_cache,,3EQS,A,B,pepmerge_pep_pocket_test_cache,linear,L,no,failed,Bounded v0.33 adapter/parser row only; not Benchmark result; not scoring evidence,v030_dflow_3eqs_seed42,not_generated,,42,failed,dflow_adapter_attempt_no_supported_output_found
v030_dflow_3eqs_seed43_failed,D-Flow / PeptideDesign,T2_structure_peptide_binder,mdm2_p53_3eqs_fixture,not_generated,pdb_dataset_cache,,3EQS,A,B,pepmerge_pep_pocket_test_cache,linear,L,no,failed,Bounded v0.33 adapter/parser row only; not Benchmark result; not scoring evidence,v030_dflow_3eqs_seed43,not_generated,,43,failed,dflow_adapter_attempt_no_supported_output_found
v030_diffpepbuilder_3eqs_seed42_failed,DiffPepBuilder,T2_structure_peptide_binder,mdm2_p53_3eqs_fixture,not_generated,pdb_only,,3EQS,A,B,reference_peptide_chain_B,linear,L,no,failed,Bounded v0.33 adapter/parser row only; not Benchmark result; not scoring evidence,v030_diffpepbuilder_3eqs_seed42,not_generated,,42,failed,diffpepbuilder_adapter_attempt_no_supported_output_found
v030_diffpepbuilder_3eqs_seed43_failed,DiffPepBuilder,T2_structure_peptide_binder,mdm2_p53_3eqs_fixture,not_generated,pdb_only,,3EQS,A,B,reference_peptide_chain_B,linear,L,no,failed,Bounded v0.33 adapter/parser row only; not Benchmark result; not scoring evidence,v030_diffpepbuilder_3eqs_seed43,not_generated,,43,failed,diffpepbuilder_adapter_attempt_no_supported_output_found
v030_pepglad_3eqs_seed42_failed,PepGLAD,T2_structure_peptide_binder,mdm2_p53_3eqs_fixture,not_generated,pdb_pocket_json,,3EQS,A,B,pocket_from_target_chain_A_reference_chain_B,linear,L,no,failed,Bounded v0.33 adapter/parser row only; not Benchmark result; not scoring evidence,v030_pepglad_3eqs_seed42,not_generated,,42,failed,pepglad_adapter_attempt_no_supported_output_found
v030_pepglad_3eqs_seed43_failed,PepGLAD,T2_structure_peptide_binder,mdm2_p53_3eqs_fixture,not_generated,pdb_pocket_json,,3EQS,A,B,pocket_from_target_chain_A_reference_chain_B,linear,L,no,failed,Bounded v0.33 adapter/parser row only; not Benchmark result; not scoring evidence,v030_pepglad_3eqs_seed43,not_generated,,43,failed,pepglad_adapter_attempt_no_supported_output_found
v030_pepmirror_3eqs_seed42_failed,PepMirror,T2_structure_peptide_binder,mdm2_p53_3eqs_fixture,not_generated,pdb_target_ligand,,3EQS,A,B,reference_peptide_chain_B,linear,D,no,failed,Bounded v0.33 adapter/parser row only; not Benchmark result; not scoring evidence,v030_pepmirror_3eqs_seed42,not_generated,,42,failed,pepmirror_adapter_attempt_no_supported_output_found
v030_pepmirror_3eqs_seed43_failed,PepMirror,T2_structure_peptide_binder,mdm2_p53_3eqs_fixture,not_generated,pdb_target_ligand,,3EQS,A,B,reference_peptide_chain_B,linear,D,no,failed,Bounded v0.33 adapter/parser row only; not Benchmark result; not scoring evidence,v030_pepmirror_3eqs_seed43,not_generated,,43,failed,pepmirror_adapter_attempt_no_supported_output_found
v030_rfdiffusion_mpnn_7zkr_seed42_failed,RFdiffusion + ProteinMPNN,T2_structure_peptide_binder,gabarap_7zkr_fixture,not_generated,hybrid,,7ZKR,A,A,contigmap.contigs=[12-18],cyclic,L,yes,failed,Bounded v0.33 adapter/parser row only; not Benchmark result; not scoring evidence,v030_rfdiffusion_mpnn_7zkr_seed42,not_generated,,42,failed,rfdiffusion_proteinmpnn_adapter_attempt_no_supported_output_found
v030_rfdiffusion_mpnn_7zkr_seed43_failed,RFdiffusion + ProteinMPNN,T2_structure_peptide_binder,gabarap_7zkr_fixture,not_generated,hybrid,,7ZKR,A,A,contigmap.contigs=[12-18],cyclic,L,yes,failed,Bounded v0.33 adapter/parser row only; not Benchmark result; not scoring evidence,v030_rfdiffusion_mpnn_7zkr_seed43,not_generated,,43,failed,rfdiffusion_proteinmpnn_adapter_attempt_no_supported_output_found
