run_record_id,job_id,method,task_id,execution_stage,source_commit,model_revision,environment_id,command,raw_output_root,stdout_log,stderr_log,runtime_seconds,exit_code,parser_status,status_reason,created_at
v030_dflow_3eqs_seed42_v033_wave_a,v030_dflow_3eqs_seed42,D-Flow / PeptideDesign,T2_structure_peptide_binder,bounded_wave_a_adapter_completion_v0.33,external_source_pinned_v0.19,dflow_checkpoint_and_pepmerge_manifested_v0.25,pd-benchmark-methods-gpu:0.21/bench-dflow,/mnt/ssd4t/Pep_design/benchmark_runs/v0.33/dflow/v030_dflow_3eqs_seed42/command.sh,/mnt/ssd4t/Pep_design/benchmark_runs/v0.33/dflow/v030_dflow_3eqs_seed42,/mnt/ssd4t/Pep_design/benchmark_runs/v0.33/dflow/v030_dflow_3eqs_seed42/stdout.log,/mnt/ssd4t/Pep_design/benchmark_runs/v0.33/dflow/v030_dflow_3eqs_seed42/stderr.log,0.001,0,failed,dflow_adapter_attempt_no_supported_output_found; not Benchmark result; not scoring evidence,2026-07-09T23:51:01+00:00
v030_dflow_3eqs_seed43_v033_wave_a,v030_dflow_3eqs_seed43,D-Flow / PeptideDesign,T2_structure_peptide_binder,bounded_wave_a_adapter_completion_v0.33,external_source_pinned_v0.19,dflow_checkpoint_and_pepmerge_manifested_v0.25,pd-benchmark-methods-gpu:0.21/bench-dflow,/mnt/ssd4t/Pep_design/benchmark_runs/v0.33/dflow/v030_dflow_3eqs_seed43/command.sh,/mnt/ssd4t/Pep_design/benchmark_runs/v0.33/dflow/v030_dflow_3eqs_seed43,/mnt/ssd4t/Pep_design/benchmark_runs/v0.33/dflow/v030_dflow_3eqs_seed43/stdout.log,/mnt/ssd4t/Pep_design/benchmark_runs/v0.33/dflow/v030_dflow_3eqs_seed43/stderr.log,0.001,0,failed,dflow_adapter_attempt_no_supported_output_found; not Benchmark result; not scoring evidence,2026-07-09T23:51:01+00:00
v030_diffpepbuilder_3eqs_seed42_v033_wave_a,v030_diffpepbuilder_3eqs_seed42,DiffPepBuilder,T2_structure_peptide_binder,bounded_wave_a_adapter_completion_v0.33,external_source_pinned_v0.19,external_checkpoint_or_not_applicable,pd-pyrosetta-methods-gpu:0.20/bench-diffpepbuilder,/mnt/ssd4t/Pep_design/benchmark_runs/v0.33/diffpepbuilder/v030_diffpepbuilder_3eqs_seed42/command.sh,/mnt/ssd4t/Pep_design/benchmark_runs/v0.33/diffpepbuilder/v030_diffpepbuilder_3eqs_seed42,/mnt/ssd4t/Pep_design/benchmark_runs/v0.33/diffpepbuilder/v030_diffpepbuilder_3eqs_seed42/stdout.log,/mnt/ssd4t/Pep_design/benchmark_runs/v0.33/diffpepbuilder/v030_diffpepbuilder_3eqs_seed42/stderr.log,0.000,0,failed,diffpepbuilder_adapter_attempt_no_supported_output_found; not Benchmark result; not scoring evidence,2026-07-09T23:51:01+00:00
v030_diffpepbuilder_3eqs_seed43_v033_wave_a,v030_diffpepbuilder_3eqs_seed43,DiffPepBuilder,T2_structure_peptide_binder,bounded_wave_a_adapter_completion_v0.33,external_source_pinned_v0.19,external_checkpoint_or_not_applicable,pd-pyrosetta-methods-gpu:0.20/bench-diffpepbuilder,/mnt/ssd4t/Pep_design/benchmark_runs/v0.33/diffpepbuilder/v030_diffpepbuilder_3eqs_seed43/command.sh,/mnt/ssd4t/Pep_design/benchmark_runs/v0.33/diffpepbuilder/v030_diffpepbuilder_3eqs_seed43,/mnt/ssd4t/Pep_design/benchmark_runs/v0.33/diffpepbuilder/v030_diffpepbuilder_3eqs_seed43/stdout.log,/mnt/ssd4t/Pep_design/benchmark_runs/v0.33/diffpepbuilder/v030_diffpepbuilder_3eqs_seed43/stderr.log,0.000,0,failed,diffpepbuilder_adapter_attempt_no_supported_output_found; not Benchmark result; not scoring evidence,2026-07-09T23:51:01+00:00
v030_pepglad_3eqs_seed42_v033_wave_a,v030_pepglad_3eqs_seed42,PepGLAD,T2_structure_peptide_binder,bounded_wave_a_adapter_completion_v0.33,external_source_pinned_v0.19,pepglad_checkpoint_manifested_v0.21,pd-benchmark-methods-gpu:0.21/bench-pepglad,/mnt/ssd4t/Pep_design/benchmark_runs/v0.33/pepglad/v030_pepglad_3eqs_seed42/command.sh,/mnt/ssd4t/Pep_design/benchmark_runs/v0.33/pepglad/v030_pepglad_3eqs_seed42,/mnt/ssd4t/Pep_design/benchmark_runs/v0.33/pepglad/v030_pepglad_3eqs_seed42/stdout.log,/mnt/ssd4t/Pep_design/benchmark_runs/v0.33/pepglad/v030_pepglad_3eqs_seed42/stderr.log,0.000,0,failed,pepglad_adapter_attempt_no_supported_output_found; not Benchmark result; not scoring evidence,2026-07-09T23:51:01+00:00
v030_pepglad_3eqs_seed43_v033_wave_a,v030_pepglad_3eqs_seed43,PepGLAD,T2_structure_peptide_binder,bounded_wave_a_adapter_completion_v0.33,external_source_pinned_v0.19,pepglad_checkpoint_manifested_v0.21,pd-benchmark-methods-gpu:0.21/bench-pepglad,/mnt/ssd4t/Pep_design/benchmark_runs/v0.33/pepglad/v030_pepglad_3eqs_seed43/command.sh,/mnt/ssd4t/Pep_design/benchmark_runs/v0.33/pepglad/v030_pepglad_3eqs_seed43,/mnt/ssd4t/Pep_design/benchmark_runs/v0.33/pepglad/v030_pepglad_3eqs_seed43/stdout.log,/mnt/ssd4t/Pep_design/benchmark_runs/v0.33/pepglad/v030_pepglad_3eqs_seed43/stderr.log,0.000,0,failed,pepglad_adapter_attempt_no_supported_output_found; not Benchmark result; not scoring evidence,2026-07-09T23:51:01+00:00
v030_pepmirror_3eqs_seed42_v033_wave_a,v030_pepmirror_3eqs_seed42,PepMirror,T2_structure_peptide_binder,bounded_wave_a_adapter_completion_v0.33,external_source_pinned_v0.19,pepmirror_checkpoint_manifested_v0.21,pd-pyrosetta-methods-gpu:0.21/bench-pepmirror,/mnt/ssd4t/Pep_design/benchmark_runs/v0.33/pepmirror/v030_pepmirror_3eqs_seed42/command.sh,/mnt/ssd4t/Pep_design/benchmark_runs/v0.33/pepmirror/v030_pepmirror_3eqs_seed42,/mnt/ssd4t/Pep_design/benchmark_runs/v0.33/pepmirror/v030_pepmirror_3eqs_seed42/stdout.log,/mnt/ssd4t/Pep_design/benchmark_runs/v0.33/pepmirror/v030_pepmirror_3eqs_seed42/stderr.log,0.000,0,failed,pepmirror_adapter_attempt_no_supported_output_found; not Benchmark result; not scoring evidence,2026-07-09T23:51:01+00:00
v030_pepmirror_3eqs_seed43_v033_wave_a,v030_pepmirror_3eqs_seed43,PepMirror,T2_structure_peptide_binder,bounded_wave_a_adapter_completion_v0.33,external_source_pinned_v0.19,pepmirror_checkpoint_manifested_v0.21,pd-pyrosetta-methods-gpu:0.21/bench-pepmirror,/mnt/ssd4t/Pep_design/benchmark_runs/v0.33/pepmirror/v030_pepmirror_3eqs_seed43/command.sh,/mnt/ssd4t/Pep_design/benchmark_runs/v0.33/pepmirror/v030_pepmirror_3eqs_seed43,/mnt/ssd4t/Pep_design/benchmark_runs/v0.33/pepmirror/v030_pepmirror_3eqs_seed43/stdout.log,/mnt/ssd4t/Pep_design/benchmark_runs/v0.33/pepmirror/v030_pepmirror_3eqs_seed43/stderr.log,0.000,0,failed,pepmirror_adapter_attempt_no_supported_output_found; not Benchmark result; not scoring evidence,2026-07-09T23:51:01+00:00
v030_rfdiffusion_mpnn_7zkr_seed42_v033_wave_a,v030_rfdiffusion_mpnn_7zkr_seed42,RFdiffusion + ProteinMPNN,T2_structure_peptide_binder,bounded_wave_a_adapter_completion_v0.33,external_source_pinned_v0.19,rfpeptide_and_proteinmpnn_external_weights,pd-rfpeptide-gpu:fixed + pd-foundry-gpu:latest,/mnt/ssd4t/Pep_design/benchmark_runs/v0.33/rfdiffusion_proteinmpnn/v030_rfdiffusion_mpnn_7zkr_seed42/command.sh,/mnt/ssd4t/Pep_design/benchmark_runs/v0.33/rfdiffusion_proteinmpnn/v030_rfdiffusion_mpnn_7zkr_seed42,/mnt/ssd4t/Pep_design/benchmark_runs/v0.33/rfdiffusion_proteinmpnn/v030_rfdiffusion_mpnn_7zkr_seed42/stdout.log,/mnt/ssd4t/Pep_design/benchmark_runs/v0.33/rfdiffusion_proteinmpnn/v030_rfdiffusion_mpnn_7zkr_seed42/stderr.log,0.000,0,failed,rfdiffusion_proteinmpnn_adapter_attempt_no_supported_output_found; not Benchmark result; not scoring evidence,2026-07-09T23:51:01+00:00
v030_rfdiffusion_mpnn_7zkr_seed43_v033_wave_a,v030_rfdiffusion_mpnn_7zkr_seed43,RFdiffusion + ProteinMPNN,T2_structure_peptide_binder,bounded_wave_a_adapter_completion_v0.33,external_source_pinned_v0.19,rfpeptide_and_proteinmpnn_external_weights,pd-rfpeptide-gpu:fixed + pd-foundry-gpu:latest,/mnt/ssd4t/Pep_design/benchmark_runs/v0.33/rfdiffusion_proteinmpnn/v030_rfdiffusion_mpnn_7zkr_seed43/command.sh,/mnt/ssd4t/Pep_design/benchmark_runs/v0.33/rfdiffusion_proteinmpnn/v030_rfdiffusion_mpnn_7zkr_seed43,/mnt/ssd4t/Pep_design/benchmark_runs/v0.33/rfdiffusion_proteinmpnn/v030_rfdiffusion_mpnn_7zkr_seed43/stdout.log,/mnt/ssd4t/Pep_design/benchmark_runs/v0.33/rfdiffusion_proteinmpnn/v030_rfdiffusion_mpnn_7zkr_seed43/stderr.log,0.000,0,failed,rfdiffusion_proteinmpnn_adapter_attempt_no_supported_output_found; not Benchmark result; not scoring evidence,2026-07-09T23:51:01+00:00
