method,batch,current_evidence,adapter_scope,input_adapter_status,command_contract_status,output_parser_status,required_raw_outputs,external_roots,replay_inputs,next_gate,blocking_items,next_action
PepMLM,Batch_A_to_Batch_B,v0.15_cpu_only_minimal_smoke,sequence_receptor_to_generated_peptide,needs_standard_batch_wrapper,command_observed_but_not_standardized,parser_needed_for_generated_csv,generated_peptide_csv; metadata_json,/data/protein-design/data/outputs/benchmark_v0.15; /data/protein-design/data/benchmark_models,source_test_row_only_no_target_set,adapter_contract_ready,cpu_only_torch_and_gpu_route_unresolved,Write deterministic wrapper contract and parser fixture before larger PepMLM runs
ProteinMPNN,Batch_A_to_Batch_B,v0.15_minimal_fasta_smoke,pdb_fixed_chain_to_fasta,example_input_only,command_observed_in_foundry_script,parser_needed_for_fasta,PDL1.fa,/data/protein-design/data/outputs/benchmark_v0.15; /data/protein-design/data/foundry_checkpoints,/data/inputs/PDL1.pdb_example_only,parser_contract_ready,target_set_and_fixed_chain_policy_unresolved,Define FASTA parser fields and RFdiffusion handoff metadata
RFpeptide/RFdiffusion,Batch_A_to_Batch_B,v0.15_bundled_cyclic_example_smoke,receptor_contig_to_structure_outputs,example_input_only,command_observed_in_rfpeptide_script,parser_needed_for_pdb_trb_traj,pdb; trb; trajectory_pdb,/data/protein-design/data/outputs/benchmark_v0.15; /data/protein-design/data/rfpeptide_models,bundled_7zkr_GABARAP_example_only,parser_contract_ready,benchmark_receptor_contig_hotspot_contract_missing,Define raw output manifest parser and receptor contig hotspot fields
RFdiffusion + ProteinMPNN handoff,Batch_B_planning,v0.11_contract_plus_v0.15_component_smokes,rf_output_to_mpnn_input,not_started,planned_only,planned_only,rf_pdb; mpnn_fasta; handoff_manifest,/data/protein-design/data/outputs/benchmark_v0.15,component_examples_only,handoff_contract_ready,no_single_end_to_end_handoff_smoke,Define handoff manifest before comparative RFdiffusion ProteinMPNN runs
DiffPepBuilder,preflight_caveat_queue,v0.15_import_preflight_cpu_torch,structure_conditioned_peptide_design,not_started,not_started,not_started,checkpoint_outputs_not_observed,/data/protein-design/data/outputs/benchmark_v0.15/preflight,none,preflight_caveat_queue,cpu_torch_and_checkpoint_route_unresolved,Resolve GPU PyTorch checkpoint manifest and input adapter before smoke test
PepGLAD,preflight_caveat_queue,v0.15_import_preflight_torch_scatter_caveat,graph_ligand_receptor_design,not_started,not_started,not_started,method_outputs_not_observed,/data/protein-design/data/outputs/benchmark_v0.15/preflight,none,dependency_repair_queue,torch_scatter_not_imported_oserror,Repair PyTorch extension compatibility before adapter work
D-Flow / PeptideDesign,preflight_caveat_queue,v0.15_cuda_import_preflight,flow_model_peptide_design,not_started,not_started,not_started,checkpoint_outputs_not_observed,/data/protein-design/data/outputs/benchmark_v0.15/preflight,none,checkpoint_manifest_queue,checkpoint_and_input_adapter_missing,Map checkpoint manifest and minimal input contract before smoke test
AfCycDesign / ColabDesign cyclic peptide,preflight_caveat_queue,v0.15_import_preflight_only,cyclic_peptide_design_notebook_to_cli,not_started,not_started,not_started,notebook_outputs_not_observed,/data/protein-design/data/outputs/benchmark_v0.15/preflight,none,cli_route_queue,non_notebook_cli_route_missing,Define CLI route and AF parameter policy before smoke test

